Sample,Height,del13Ctoc,TOC ,mineral-C ,TN,Strat,Strat2,Section,Reference,Reference2
K6 ,-172,-24.3,0.62,8.17,0.01,Pre-event Beds,Pre-event Beds,Kuhjoch,"Ruhl M, Veld H, Kürschner WM (2010) Sedimentary organic matter characterization of the Triassic-Jurassic boundary GSSP at Kuhjoch (Austria). Earth and Planetary Science Letters 292:17–26","Ruhl M, Kürschner WM, Krystyn L (2009) Triassic-Jurassic organic carbon isotope stratigraphy of key sections in the western Tethys realm (Austria). Earth and Planetary Science Letters 281:169–187"
K5,-146,-27,1.46,10.43,0.04,Pre-event Beds,Pre-event Beds,Kuhjoch,"Ruhl M, Veld H, Kürschner WM (2010) Sedimentary organic matter characterization of the Triassic-Jurassic boundary GSSP at Kuhjoch (Austria). Earth and Planetary Science Letters 292:17–26","Ruhl M, Kürschner WM, Krystyn L (2009) Triassic-Jurassic organic carbon isotope stratigraphy of key sections in the western Tethys realm (Austria). Earth and Planetary Science Letters 281:169–187"
K4,-133,-27.7,0.32,8.17,0.01,Pre-event Beds,Pre-event Beds,Kuhjoch,"Ruhl M, Veld H, Kürschner WM (2010) Sedimentary organic matter characterization of the Triassic-Jurassic boundary GSSP at Kuhjoch (Austria). Earth and Planetary Science Letters 292:17–26","Ruhl M, Kürschner WM, Krystyn L (2009) Triassic-Jurassic organic carbon isotope stratigraphy of key sections in the western Tethys realm (Austria). Earth and Planetary Science Letters 281:169–187"
K3,-21,-25.6,0.84,7.45,0.01,Pre-event Beds,Pre-event Beds,Kuhjoch,"Ruhl M, Veld H, Kürschner WM (2010) Sedimentary organic matter characterization of the Triassic-Jurassic boundary GSSP at Kuhjoch (Austria). Earth and Planetary Science Letters 292:17–26","Ruhl M, Kürschner WM, Krystyn L (2009) Triassic-Jurassic organic carbon isotope stratigraphy of key sections in the western Tethys realm (Austria). Earth and Planetary Science Letters 281:169–187"
K2,-18,-27.1,0.27,7.89,0.01,Pre-event Beds,Pre-event Beds,Kuhjoch,"Ruhl M, Veld H, Kürschner WM (2010) Sedimentary organic matter characterization of the Triassic-Jurassic boundary GSSP at Kuhjoch (Austria). Earth and Planetary Science Letters 292:17–26","Ruhl M, Kürschner WM, Krystyn L (2009) Triassic-Jurassic organic carbon isotope stratigraphy of key sections in the western Tethys realm (Austria). Earth and Planetary Science Letters 281:169–187"
K 1,-6,-26.7,0.49,8.88,0.01,Pre-event Beds,Pre-event Beds,Kuhjoch,"Ruhl M, Veld H, Kürschner WM (2010) Sedimentary organic matter characterization of the Triassic-Jurassic boundary GSSP at Kuhjoch (Austria). Earth and Planetary Science Letters 292:17–26","Ruhl M, Kürschner WM, Krystyn L (2009) Triassic-Jurassic organic carbon isotope stratigraphy of key sections in the western Tethys realm (Austria). Earth and Planetary Science Letters 281:169–187"
S 1,-4,-28.4,1.05,7.78,0.03,Pre-event Beds,Pre-event Beds,Kuhjoch,"Ruhl M, Veld H, Kürschner WM (2010) Sedimentary organic matter characterization of the Triassic-Jurassic boundary GSSP at Kuhjoch (Austria). Earth and Planetary Science Letters 292:17–26","Ruhl M, Kürschner WM, Krystyn L (2009) Triassic-Jurassic organic carbon isotope stratigraphy of key sections in the western Tethys realm (Austria). Earth and Planetary Science Letters 281:169–187"
S2,-1,-28.4,3.82,7.99,0.11,Pre-event Beds,Pre-event Beds,Kuhjoch,"Ruhl M, Veld H, Kürschner WM (2010) Sedimentary organic matter characterization of the Triassic-Jurassic boundary GSSP at Kuhjoch (Austria). Earth and Planetary Science Letters 292:17–26","Ruhl M, Kürschner WM, Krystyn L (2009) Triassic-Jurassic organic carbon isotope stratigraphy of key sections in the western Tethys realm (Austria). Earth and Planetary Science Letters 281:169–187"
S3,1,-30.8,8.77,2.81,0.22,Pre-event Beds,Pre-event Beds,Kuhjoch,"Ruhl M, Veld H, Kürschner WM (2010) Sedimentary organic matter characterization of the Triassic-Jurassic boundary GSSP at Kuhjoch (Austria). Earth and Planetary Science Letters 292:17–26","Ruhl M, Kürschner WM, Krystyn L (2009) Triassic-Jurassic organic carbon isotope stratigraphy of key sections in the western Tethys realm (Austria). Earth and Planetary Science Letters 281:169–187"
S4,2,-30.6,1.5,1.32,0.01,Pre-event Beds,Pre-event Beds,Kuhjoch,"Ruhl M, Veld H, Kürschner WM (2010) Sedimentary organic matter characterization of the Triassic-Jurassic boundary GSSP at Kuhjoch (Austria). Earth and Planetary Science Letters 292:17–26","Ruhl M, Kürschner WM, Krystyn L (2009) Triassic-Jurassic organic carbon isotope stratigraphy of key sections in the western Tethys realm (Austria). Earth and Planetary Science Letters 281:169–187"
S5,6,-30.7,1.52,1.06,0.02,Pre-event Beds,Pre-event Beds,Kuhjoch,"Ruhl M, Veld H, Kürschner WM (2010) Sedimentary organic matter characterization of the Triassic-Jurassic boundary GSSP at Kuhjoch (Austria). Earth and Planetary Science Letters 292:17–26","Ruhl M, Kürschner WM, Krystyn L (2009) Triassic-Jurassic organic carbon isotope stratigraphy of key sections in the western Tethys realm (Austria). Earth and Planetary Science Letters 281:169–187"
S6,7,-31.2,0.71,0.61,NA,Pre-event Beds,Pre-event Beds,Kuhjoch,"Ruhl M, Veld H, Kürschner WM (2010) Sedimentary organic matter characterization of the Triassic-Jurassic boundary GSSP at Kuhjoch (Austria). Earth and Planetary Science Letters 292:17–26","Ruhl M, Kürschner WM, Krystyn L (2009) Triassic-Jurassic organic carbon isotope stratigraphy of key sections in the western Tethys realm (Austria). Earth and Planetary Science Letters 281:169–187"
S7,8,-29.2,0.37,1.31,NA,Pre-event Beds,Pre-event Beds,Kuhjoch,"Ruhl M, Veld H, Kürschner WM (2010) Sedimentary organic matter characterization of the Triassic-Jurassic boundary GSSP at Kuhjoch (Austria). Earth and Planetary Science Letters 292:17–26","Ruhl M, Kürschner WM, Krystyn L (2009) Triassic-Jurassic organic carbon isotope stratigraphy of key sections in the western Tethys realm (Austria). Earth and Planetary Science Letters 281:169–187"
S8,15,-29.2,0.37,1.51,NA,Pre-event Beds,Pre-event Beds,Kuhjoch,"Ruhl M, Veld H, Kürschner WM (2010) Sedimentary organic matter characterization of the Triassic-Jurassic boundary GSSP at Kuhjoch (Austria). Earth and Planetary Science Letters 292:17–26","Ruhl M, Kürschner WM, Krystyn L (2009) Triassic-Jurassic organic carbon isotope stratigraphy of key sections in the western Tethys realm (Austria). Earth and Planetary Science Letters 281:169–187"
S9,20,-25.7,0.16,3.23,NA,Pre-event Beds,Pre-event Beds,Kuhjoch,"Ruhl M, Veld H, Kürschner WM (2010) Sedimentary organic matter characterization of the Triassic-Jurassic boundary GSSP at Kuhjoch (Austria). Earth and Planetary Science Letters 292:17–26","Ruhl M, Kürschner WM, Krystyn L (2009) Triassic-Jurassic organic carbon isotope stratigraphy of key sections in the western Tethys realm (Austria). Earth and Planetary Science Letters 281:169–187"
S10,25,-25,0.15,1.25,NA,Pre-event Beds,Pre-event Beds,Kuhjoch,"Ruhl M, Veld H, Kürschner WM (2010) Sedimentary organic matter characterization of the Triassic-Jurassic boundary GSSP at Kuhjoch (Austria). Earth and Planetary Science Letters 292:17–26","Ruhl M, Kürschner WM, Krystyn L (2009) Triassic-Jurassic organic carbon isotope stratigraphy of key sections in the western Tethys realm (Austria). Earth and Planetary Science Letters 281:169–187"
S11,34,-24.9,0.09,1.33,NA,Pre-event Beds,Pre-event Beds,Kuhjoch,"Ruhl M, Veld H, Kürschner WM (2010) Sedimentary organic matter characterization of the Triassic-Jurassic boundary GSSP at Kuhjoch (Austria). Earth and Planetary Science Letters 292:17–26","Ruhl M, Kürschner WM, Krystyn L (2009) Triassic-Jurassic organic carbon isotope stratigraphy of key sections in the western Tethys realm (Austria). Earth and Planetary Science Letters 281:169–187"
S12,35,-24.9,0.11,1.12,NA,Pre-event Beds,Pre-event Beds,Kuhjoch,"Ruhl M, Veld H, Kürschner WM (2010) Sedimentary organic matter characterization of the Triassic-Jurassic boundary GSSP at Kuhjoch (Austria). Earth and Planetary Science Letters 292:17–26","Ruhl M, Kürschner WM, Krystyn L (2009) Triassic-Jurassic organic carbon isotope stratigraphy of key sections in the western Tethys realm (Austria). Earth and Planetary Science Letters 281:169–187"
S13,40,-24.6,0.4,0.79,NA,Schattwald Beds,Event Beds,Kuhjoch,"Ruhl M, Veld H, Kürschner WM (2010) Sedimentary organic matter characterization of the Triassic-Jurassic boundary GSSP at Kuhjoch (Austria). Earth and Planetary Science Letters 292:17–26","Ruhl M, Kürschner WM, Krystyn L (2009) Triassic-Jurassic organic carbon isotope stratigraphy of key sections in the western Tethys realm (Austria). Earth and Planetary Science Letters 281:169–187"
S14,50,-24.9,0.09,0.77,NA,Schattwald Beds,Event Beds,Kuhjoch,"Ruhl M, Veld H, Kürschner WM (2010) Sedimentary organic matter characterization of the Triassic-Jurassic boundary GSSP at Kuhjoch (Austria). Earth and Planetary Science Letters 292:17–26","Ruhl M, Kürschner WM, Krystyn L (2009) Triassic-Jurassic organic carbon isotope stratigraphy of key sections in the western Tethys realm (Austria). Earth and Planetary Science Letters 281:169–187"
S15,60,-24.8,0.11,0.78,NA,Schattwald Beds,Event Beds,Kuhjoch,"Ruhl M, Veld H, Kürschner WM (2010) Sedimentary organic matter characterization of the Triassic-Jurassic boundary GSSP at Kuhjoch (Austria). Earth and Planetary Science Letters 292:17–26","Ruhl M, Kürschner WM, Krystyn L (2009) Triassic-Jurassic organic carbon isotope stratigraphy of key sections in the western Tethys realm (Austria). Earth and Planetary Science Letters 281:169–187"
S16,70,-24.7,0.1,0.53,NA,Schattwald Beds,Event Beds,Kuhjoch,"Ruhl M, Veld H, Kürschner WM (2010) Sedimentary organic matter characterization of the Triassic-Jurassic boundary GSSP at Kuhjoch (Austria). Earth and Planetary Science Letters 292:17–26","Ruhl M, Kürschner WM, Krystyn L (2009) Triassic-Jurassic organic carbon isotope stratigraphy of key sections in the western Tethys realm (Austria). Earth and Planetary Science Letters 281:169–187"
S17,80,-24.6,0.12,0.73,NA,Schattwald Beds,Event Beds,Kuhjoch,"Ruhl M, Veld H, Kürschner WM (2010) Sedimentary organic matter characterization of the Triassic-Jurassic boundary GSSP at Kuhjoch (Austria). Earth and Planetary Science Letters 292:17–26","Ruhl M, Kürschner WM, Krystyn L (2009) Triassic-Jurassic organic carbon isotope stratigraphy of key sections in the western Tethys realm (Austria). Earth and Planetary Science Letters 281:169–187"
S18,90,-25.1,0.18,0.83,NA,Schattwald Beds,Event Beds,Kuhjoch,"Ruhl M, Veld H, Kürschner WM (2010) Sedimentary organic matter characterization of the Triassic-Jurassic boundary GSSP at Kuhjoch (Austria). Earth and Planetary Science Letters 292:17–26","Ruhl M, Kürschner WM, Krystyn L (2009) Triassic-Jurassic organic carbon isotope stratigraphy of key sections in the western Tethys realm (Austria). Earth and Planetary Science Letters 281:169–187"
S19,100,-24.7,0.18,0.50,NA,Schattwald Beds,Event Beds,Kuhjoch,"Ruhl M, Veld H, Kürschner WM (2010) Sedimentary organic matter characterization of the Triassic-Jurassic boundary GSSP at Kuhjoch (Austria). Earth and Planetary Science Letters 292:17–26","Ruhl M, Kürschner WM, Krystyn L (2009) Triassic-Jurassic organic carbon isotope stratigraphy of key sections in the western Tethys realm (Austria). Earth and Planetary Science Letters 281:169–187"
S20,110,-24.5,0.18,0.58,NA,Schattwald Beds,Event Beds,Kuhjoch,"Ruhl M, Veld H, Kürschner WM (2010) Sedimentary organic matter characterization of the Triassic-Jurassic boundary GSSP at Kuhjoch (Austria). Earth and Planetary Science Letters 292:17–26","Ruhl M, Kürschner WM, Krystyn L (2009) Triassic-Jurassic organic carbon isotope stratigraphy of key sections in the western Tethys realm (Austria). Earth and Planetary Science Letters 281:169–187"
S21,120,-24.9,0.13,0.59,NA,Schattwald Beds,Event Beds,Kuhjoch,"Ruhl M, Veld H, Kürschner WM (2010) Sedimentary organic matter characterization of the Triassic-Jurassic boundary GSSP at Kuhjoch (Austria). Earth and Planetary Science Letters 292:17–26","Ruhl M, Kürschner WM, Krystyn L (2009) Triassic-Jurassic organic carbon isotope stratigraphy of key sections in the western Tethys realm (Austria). Earth and Planetary Science Letters 281:169–187"
S22,130,-24.9,0.17,0.80,NA,Schattwald Beds,Event Beds,Kuhjoch,"Ruhl M, Veld H, Kürschner WM (2010) Sedimentary organic matter characterization of the Triassic-Jurassic boundary GSSP at Kuhjoch (Austria). Earth and Planetary Science Letters 292:17–26","Ruhl M, Kürschner WM, Krystyn L (2009) Triassic-Jurassic organic carbon isotope stratigraphy of key sections in the western Tethys realm (Austria). Earth and Planetary Science Letters 281:169–187"
S23,140,-24.6,0.18,0.42,NA,Schattwald Beds,Event Beds,Kuhjoch,"Ruhl M, Veld H, Kürschner WM (2010) Sedimentary organic matter characterization of the Triassic-Jurassic boundary GSSP at Kuhjoch (Austria). Earth and Planetary Science Letters 292:17–26","Ruhl M, Kürschner WM, Krystyn L (2009) Triassic-Jurassic organic carbon isotope stratigraphy of key sections in the western Tethys realm (Austria). Earth and Planetary Science Letters 281:169–187"
S24,150,-24.3,0.13,0.41,NA,Schattwald Beds,Event Beds,Kuhjoch,"Ruhl M, Veld H, Kürschner WM (2010) Sedimentary organic matter characterization of the Triassic-Jurassic boundary GSSP at Kuhjoch (Austria). Earth and Planetary Science Letters 292:17–26","Ruhl M, Kürschner WM, Krystyn L (2009) Triassic-Jurassic organic carbon isotope stratigraphy of key sections in the western Tethys realm (Austria). Earth and Planetary Science Letters 281:169–187"
S25,180,-24.6,0.2,0.26,NA,Schattwald Beds,Event Beds,Kuhjoch,"Ruhl M, Veld H, Kürschner WM (2010) Sedimentary organic matter characterization of the Triassic-Jurassic boundary GSSP at Kuhjoch (Austria). Earth and Planetary Science Letters 292:17–26","Ruhl M, Kürschner WM, Krystyn L (2009) Triassic-Jurassic organic carbon isotope stratigraphy of key sections in the western Tethys realm (Austria). Earth and Planetary Science Letters 281:169–187"
S26,205,-24.3,0.14,0.37,NA,Schattwald Beds,Event Beds,Kuhjoch,"Ruhl M, Veld H, Kürschner WM (2010) Sedimentary organic matter characterization of the Triassic-Jurassic boundary GSSP at Kuhjoch (Austria). Earth and Planetary Science Letters 292:17–26","Ruhl M, Kürschner WM, Krystyn L (2009) Triassic-Jurassic organic carbon isotope stratigraphy of key sections in the western Tethys realm (Austria). Earth and Planetary Science Letters 281:169–187"
S27,230,-24.4,0.21,0.37,NA,Schattwald Beds,Event Beds,Kuhjoch,"Ruhl M, Veld H, Kürschner WM (2010) Sedimentary organic matter characterization of the Triassic-Jurassic boundary GSSP at Kuhjoch (Austria). Earth and Planetary Science Letters 292:17–26","Ruhl M, Kürschner WM, Krystyn L (2009) Triassic-Jurassic organic carbon isotope stratigraphy of key sections in the western Tethys realm (Austria). Earth and Planetary Science Letters 281:169–187"
S28,236,-26.4,0.26,1.98,NA,Post-event Beds,Post-event Beds,Kuhjoch,"Ruhl M, Veld H, Kürschner WM (2010) Sedimentary organic matter characterization of the Triassic-Jurassic boundary GSSP at Kuhjoch (Austria). Earth and Planetary Science Letters 292:17–26","Ruhl M, Kürschner WM, Krystyn L (2009) Triassic-Jurassic organic carbon isotope stratigraphy of key sections in the western Tethys realm (Austria). Earth and Planetary Science Letters 281:169–187"
S29,245,-25.7,0.18,1.42,NA,Post-event Beds,Post-event Beds,Kuhjoch,"Ruhl M, Veld H, Kürschner WM (2010) Sedimentary organic matter characterization of the Triassic-Jurassic boundary GSSP at Kuhjoch (Austria). Earth and Planetary Science Letters 292:17–26","Ruhl M, Kürschner WM, Krystyn L (2009) Triassic-Jurassic organic carbon isotope stratigraphy of key sections in the western Tethys realm (Austria). Earth and Planetary Science Letters 281:169–187"
S30,255,-26.1,0.2,1.72,NA,Post-event Beds,Post-event Beds,Kuhjoch,"Ruhl M, Veld H, Kürschner WM (2010) Sedimentary organic matter characterization of the Triassic-Jurassic boundary GSSP at Kuhjoch (Austria). Earth and Planetary Science Letters 292:17–26","Ruhl M, Kürschner WM, Krystyn L (2009) Triassic-Jurassic organic carbon isotope stratigraphy of key sections in the western Tethys realm (Austria). Earth and Planetary Science Letters 281:169–187"
S31,265,-25.8,0.15,1.45,NA,Post-event Beds,Post-event Beds,Kuhjoch,"Ruhl M, Veld H, Kürschner WM (2010) Sedimentary organic matter characterization of the Triassic-Jurassic boundary GSSP at Kuhjoch (Austria). Earth and Planetary Science Letters 292:17–26","Ruhl M, Kürschner WM, Krystyn L (2009) Triassic-Jurassic organic carbon isotope stratigraphy of key sections in the western Tethys realm (Austria). Earth and Planetary Science Letters 281:169–187"
S32,285,-26.2,0.18,1.58,NA,Post-event Beds,Post-event Beds,Kuhjoch,"Ruhl M, Veld H, Kürschner WM (2010) Sedimentary organic matter characterization of the Triassic-Jurassic boundary GSSP at Kuhjoch (Austria). Earth and Planetary Science Letters 292:17–26","Ruhl M, Kürschner WM, Krystyn L (2009) Triassic-Jurassic organic carbon isotope stratigraphy of key sections in the western Tethys realm (Austria). Earth and Planetary Science Letters 281:169–187"
S33,305,-26.6,0.17,1.65,NA,Post-event Beds,Post-event Beds,Kuhjoch,"Ruhl M, Veld H, Kürschner WM (2010) Sedimentary organic matter characterization of the Triassic-Jurassic boundary GSSP at Kuhjoch (Austria). Earth and Planetary Science Letters 292:17–26","Ruhl M, Kürschner WM, Krystyn L (2009) Triassic-Jurassic organic carbon isotope stratigraphy of key sections in the western Tethys realm (Austria). Earth and Planetary Science Letters 281:169–187"
S34,325,-26.7,0.18,1.96,NA,Post-event Beds,Post-event Beds,Kuhjoch,"Ruhl M, Veld H, Kürschner WM (2010) Sedimentary organic matter characterization of the Triassic-Jurassic boundary GSSP at Kuhjoch (Austria). Earth and Planetary Science Letters 292:17–26","Ruhl M, Kürschner WM, Krystyn L (2009) Triassic-Jurassic organic carbon isotope stratigraphy of key sections in the western Tethys realm (Austria). Earth and Planetary Science Letters 281:169–187"
S 35,345,-26.8,0.18,1.85,NA,Post-event Beds,Post-event Beds,Kuhjoch,"Ruhl M, Veld H, Kürschner WM (2010) Sedimentary organic matter characterization of the Triassic-Jurassic boundary GSSP at Kuhjoch (Austria). Earth and Planetary Science Letters 292:17–26","Ruhl M, Kürschner WM, Krystyn L (2009) Triassic-Jurassic organic carbon isotope stratigraphy of key sections in the western Tethys realm (Austria). Earth and Planetary Science Letters 281:169–187"
S 36,360,-26.2,0.17,1.90,NA,Post-event Beds,Post-event Beds,Kuhjoch,"Ruhl M, Veld H, Kürschner WM (2010) Sedimentary organic matter characterization of the Triassic-Jurassic boundary GSSP at Kuhjoch (Austria). Earth and Planetary Science Letters 292:17–26","Ruhl M, Kürschner WM, Krystyn L (2009) Triassic-Jurassic organic carbon isotope stratigraphy of key sections in the western Tethys realm (Austria). Earth and Planetary Science Letters 281:169–187"
S 37,380,-26.2,0.17,1.70,NA,Post-event Beds,Post-event Beds,Kuhjoch,"Ruhl M, Veld H, Kürschner WM (2010) Sedimentary organic matter characterization of the Triassic-Jurassic boundary GSSP at Kuhjoch (Austria). Earth and Planetary Science Letters 292:17–26","Ruhl M, Kürschner WM, Krystyn L (2009) Triassic-Jurassic organic carbon isotope stratigraphy of key sections in the western Tethys realm (Austria). Earth and Planetary Science Letters 281:169–187"
S 38,400,-26.4,0.19,1.64,NA,Post-event Beds,Post-event Beds,Kuhjoch,"Ruhl M, Veld H, Kürschner WM (2010) Sedimentary organic matter characterization of the Triassic-Jurassic boundary GSSP at Kuhjoch (Austria). Earth and Planetary Science Letters 292:17–26","Ruhl M, Kürschner WM, Krystyn L (2009) Triassic-Jurassic organic carbon isotope stratigraphy of key sections in the western Tethys realm (Austria). Earth and Planetary Science Letters 281:169–187"
S 39,415,-26.5,0.35,0.63,NA,Post-event Beds,Post-event Beds,Kuhjoch,"Ruhl M, Veld H, Kürschner WM (2010) Sedimentary organic matter characterization of the Triassic-Jurassic boundary GSSP at Kuhjoch (Austria). Earth and Planetary Science Letters 292:17–26","Ruhl M, Kürschner WM, Krystyn L (2009) Triassic-Jurassic organic carbon isotope stratigraphy of key sections in the western Tethys realm (Austria). Earth and Planetary Science Letters 281:169–187"
S 40,430,-27.1,0.24,2.28,NA,Post-event Beds,Post-event Beds,Kuhjoch,"Ruhl M, Veld H, Kürschner WM (2010) Sedimentary organic matter characterization of the Triassic-Jurassic boundary GSSP at Kuhjoch (Austria). Earth and Planetary Science Letters 292:17–26","Ruhl M, Kürschner WM, Krystyn L (2009) Triassic-Jurassic organic carbon isotope stratigraphy of key sections in the western Tethys realm (Austria). Earth and Planetary Science Letters 281:169–187"
S 41,445,-26.5,0.22,2.81,NA,Post-event Beds,Post-event Beds,Kuhjoch,"Ruhl M, Veld H, Kürschner WM (2010) Sedimentary organic matter characterization of the Triassic-Jurassic boundary GSSP at Kuhjoch (Austria). Earth and Planetary Science Letters 292:17–26","Ruhl M, Kürschner WM, Krystyn L (2009) Triassic-Jurassic organic carbon isotope stratigraphy of key sections in the western Tethys realm (Austria). Earth and Planetary Science Letters 281:169–187"
S 42,460,-26.9,0.21,2.19,NA,Post-event Beds,Post-event Beds,Kuhjoch,"Ruhl M, Veld H, Kürschner WM (2010) Sedimentary organic matter characterization of the Triassic-Jurassic boundary GSSP at Kuhjoch (Austria). Earth and Planetary Science Letters 292:17–26","Ruhl M, Kürschner WM, Krystyn L (2009) Triassic-Jurassic organic carbon isotope stratigraphy of key sections in the western Tethys realm (Austria). Earth and Planetary Science Letters 281:169–187"
S43,475,-27.2,0.25,2.64,NA,Post-event Beds,Post-event Beds,Kuhjoch,"Ruhl M, Veld H, Kürschner WM (2010) Sedimentary organic matter characterization of the Triassic-Jurassic boundary GSSP at Kuhjoch (Austria). Earth and Planetary Science Letters 292:17–26","Ruhl M, Kürschner WM, Krystyn L (2009) Triassic-Jurassic organic carbon isotope stratigraphy of key sections in the western Tethys realm (Austria). Earth and Planetary Science Letters 281:169–187"
S44,490,-26.9,0.19,2.51,NA,Post-event Beds,Post-event Beds,Kuhjoch,"Ruhl M, Veld H, Kürschner WM (2010) Sedimentary organic matter characterization of the Triassic-Jurassic boundary GSSP at Kuhjoch (Austria). Earth and Planetary Science Letters 292:17–26","Ruhl M, Kürschner WM, Krystyn L (2009) Triassic-Jurassic organic carbon isotope stratigraphy of key sections in the western Tethys realm (Austria). Earth and Planetary Science Letters 281:169–187"
S45,505,-28.1,0.33,3.41,NA,Post-event Beds,Post-event Beds,Kuhjoch,"Ruhl M, Veld H, Kürschner WM (2010) Sedimentary organic matter characterization of the Triassic-Jurassic boundary GSSP at Kuhjoch (Austria). Earth and Planetary Science Letters 292:17–26","Ruhl M, Kürschner WM, Krystyn L (2009) Triassic-Jurassic organic carbon isotope stratigraphy of key sections in the western Tethys realm (Austria). Earth and Planetary Science Letters 281:169–187"
S46,520,-27.6,0.25,3.85,NA,Post-event Beds,Post-event Beds,Kuhjoch,"Ruhl M, Veld H, Kürschner WM (2010) Sedimentary organic matter characterization of the Triassic-Jurassic boundary GSSP at Kuhjoch (Austria). Earth and Planetary Science Letters 292:17–26","Ruhl M, Kürschner WM, Krystyn L (2009) Triassic-Jurassic organic carbon isotope stratigraphy of key sections in the western Tethys realm (Austria). Earth and Planetary Science Letters 281:169–187"
S47,535,-27.4,0.2,4.02,NA,Post-event Beds,Post-event Beds,Kuhjoch,"Ruhl M, Veld H, Kürschner WM (2010) Sedimentary organic matter characterization of the Triassic-Jurassic boundary GSSP at Kuhjoch (Austria). Earth and Planetary Science Letters 292:17–26","Ruhl M, Kürschner WM, Krystyn L (2009) Triassic-Jurassic organic carbon isotope stratigraphy of key sections in the western Tethys realm (Austria). Earth and Planetary Science Letters 281:169–187"
S48,550,-27.9,0.38,2.99,NA,Post-event Beds,Post-event Beds,Kuhjoch,"Ruhl M, Veld H, Kürschner WM (2010) Sedimentary organic matter characterization of the Triassic-Jurassic boundary GSSP at Kuhjoch (Austria). Earth and Planetary Science Letters 292:17–26","Ruhl M, Kürschner WM, Krystyn L (2009) Triassic-Jurassic organic carbon isotope stratigraphy of key sections in the western Tethys realm (Austria). Earth and Planetary Science Letters 281:169–187"
S49,565,-28.5,0.37,3.49,NA,Post-event Beds,Post-event Beds,Kuhjoch,"Ruhl M, Veld H, Kürschner WM (2010) Sedimentary organic matter characterization of the Triassic-Jurassic boundary GSSP at Kuhjoch (Austria). Earth and Planetary Science Letters 292:17–26","Ruhl M, Kürschner WM, Krystyn L (2009) Triassic-Jurassic organic carbon isotope stratigraphy of key sections in the western Tethys realm (Austria). Earth and Planetary Science Letters 281:169–187"
S50,580,-27.4,0.24,3.05,NA,Post-event Beds,Post-event Beds,Kuhjoch,"Ruhl M, Veld H, Kürschner WM (2010) Sedimentary organic matter characterization of the Triassic-Jurassic boundary GSSP at Kuhjoch (Austria). Earth and Planetary Science Letters 292:17–26","Ruhl M, Kürschner WM, Krystyn L (2009) Triassic-Jurassic organic carbon isotope stratigraphy of key sections in the western Tethys realm (Austria). Earth and Planetary Science Letters 281:169–187"
S51,595,-26.7,0.2,2.30,NA,Post-event Beds,Post-event Beds,Kuhjoch,"Ruhl M, Veld H, Kürschner WM (2010) Sedimentary organic matter characterization of the Triassic-Jurassic boundary GSSP at Kuhjoch (Austria). Earth and Planetary Science Letters 292:17–26","Ruhl M, Kürschner WM, Krystyn L (2009) Triassic-Jurassic organic carbon isotope stratigraphy of key sections in the western Tethys realm (Austria). Earth and Planetary Science Letters 281:169–187"
S52,610,-25.8,0.16,2.41,NA,Post-event Beds,Post-event Beds,Kuhjoch,"Ruhl M, Veld H, Kürschner WM (2010) Sedimentary organic matter characterization of the Triassic-Jurassic boundary GSSP at Kuhjoch (Austria). Earth and Planetary Science Letters 292:17–26","Ruhl M, Kürschner WM, Krystyn L (2009) Triassic-Jurassic organic carbon isotope stratigraphy of key sections in the western Tethys realm (Austria). Earth and Planetary Science Letters 281:169–187"
S53,625,-27.2,0.19,2.45,NA,Post-event Beds,Post-event Beds,Kuhjoch,"Ruhl M, Veld H, Kürschner WM (2010) Sedimentary organic matter characterization of the Triassic-Jurassic boundary GSSP at Kuhjoch (Austria). Earth and Planetary Science Letters 292:17–26","Ruhl M, Kürschner WM, Krystyn L (2009) Triassic-Jurassic organic carbon isotope stratigraphy of key sections in the western Tethys realm (Austria). Earth and Planetary Science Letters 281:169–187"
S54,640,-26.4,0.18,1.67,NA,Post-event Beds,Post-event Beds,Kuhjoch,"Ruhl M, Veld H, Kürschner WM (2010) Sedimentary organic matter characterization of the Triassic-Jurassic boundary GSSP at Kuhjoch (Austria). Earth and Planetary Science Letters 292:17–26","Ruhl M, Kürschner WM, Krystyn L (2009) Triassic-Jurassic organic carbon isotope stratigraphy of key sections in the western Tethys realm (Austria). Earth and Planetary Science Letters 281:169–187"
S55,655,-26.4,0.16,1.95,NA,Post-event Beds,Post-event Beds,Kuhjoch,"Ruhl M, Veld H, Kürschner WM (2010) Sedimentary organic matter characterization of the Triassic-Jurassic boundary GSSP at Kuhjoch (Austria). Earth and Planetary Science Letters 292:17–26","Ruhl M, Kürschner WM, Krystyn L (2009) Triassic-Jurassic organic carbon isotope stratigraphy of key sections in the western Tethys realm (Austria). Earth and Planetary Science Letters 281:169–187"
S56,670,-26.9,0.24,1.84,NA,Post-event Beds,Post-event Beds,Kuhjoch,"Ruhl M, Veld H, Kürschner WM (2010) Sedimentary organic matter characterization of the Triassic-Jurassic boundary GSSP at Kuhjoch (Austria). Earth and Planetary Science Letters 292:17–26","Ruhl M, Kürschner WM, Krystyn L (2009) Triassic-Jurassic organic carbon isotope stratigraphy of key sections in the western Tethys realm (Austria). Earth and Planetary Science Letters 281:169–187"
S57,685,-27,0.21,2.40,NA,Post-event Beds,Post-event Beds,Kuhjoch,"Ruhl M, Veld H, Kürschner WM (2010) Sedimentary organic matter characterization of the Triassic-Jurassic boundary GSSP at Kuhjoch (Austria). Earth and Planetary Science Letters 292:17–26","Ruhl M, Kürschner WM, Krystyn L (2009) Triassic-Jurassic organic carbon isotope stratigraphy of key sections in the western Tethys realm (Austria). Earth and Planetary Science Letters 281:169–187"
S58,700,-26.6,0.18,2.13,NA,Post-event Beds,Post-event Beds,Kuhjoch,"Ruhl M, Veld H, Kürschner WM (2010) Sedimentary organic matter characterization of the Triassic-Jurassic boundary GSSP at Kuhjoch (Austria). Earth and Planetary Science Letters 292:17–26","Ruhl M, Kürschner WM, Krystyn L (2009) Triassic-Jurassic organic carbon isotope stratigraphy of key sections in the western Tethys realm (Austria). Earth and Planetary Science Letters 281:169–187"
S 59,715,-27.2,0.28,1.54,NA,Post-event Beds,Post-event Beds,Kuhjoch,"Ruhl M, Veld H, Kürschner WM (2010) Sedimentary organic matter characterization of the Triassic-Jurassic boundary GSSP at Kuhjoch (Austria). Earth and Planetary Science Letters 292:17–26","Ruhl M, Kürschner WM, Krystyn L (2009) Triassic-Jurassic organic carbon isotope stratigraphy of key sections in the western Tethys realm (Austria). Earth and Planetary Science Letters 281:169–187"
S 60,730,-27.5,0.16,2.09,NA,Post-event Beds,Post-event Beds,Kuhjoch,"Ruhl M, Veld H, Kürschner WM (2010) Sedimentary organic matter characterization of the Triassic-Jurassic boundary GSSP at Kuhjoch (Austria). Earth and Planetary Science Letters 292:17–26","Ruhl M, Kürschner WM, Krystyn L (2009) Triassic-Jurassic organic carbon isotope stratigraphy of key sections in the western Tethys realm (Austria). Earth and Planetary Science Letters 281:169–187"
S 61,745,-28.3,0.37,4.10,NA,Post-event Beds,Post-event Beds,Kuhjoch,"Ruhl M, Veld H, Kürschner WM (2010) Sedimentary organic matter characterization of the Triassic-Jurassic boundary GSSP at Kuhjoch (Austria). Earth and Planetary Science Letters 292:17–26","Ruhl M, Kürschner WM, Krystyn L (2009) Triassic-Jurassic organic carbon isotope stratigraphy of key sections in the western Tethys realm (Austria). Earth and Planetary Science Letters 281:169–187"
S 62,760,-28.5,0.36,2.61,NA,Post-event Beds,Post-event Beds,Kuhjoch,"Ruhl M, Veld H, Kürschner WM (2010) Sedimentary organic matter characterization of the Triassic-Jurassic boundary GSSP at Kuhjoch (Austria). Earth and Planetary Science Letters 292:17–26","Ruhl M, Kürschner WM, Krystyn L (2009) Triassic-Jurassic organic carbon isotope stratigraphy of key sections in the western Tethys realm (Austria). Earth and Planetary Science Letters 281:169–187"
S 63,775,-26.8,0.15,4.02,NA,Post-event Beds,Post-event Beds,Kuhjoch,"Ruhl M, Veld H, Kürschner WM (2010) Sedimentary organic matter characterization of the Triassic-Jurassic boundary GSSP at Kuhjoch (Austria). Earth and Planetary Science Letters 292:17–26","Ruhl M, Kürschner WM, Krystyn L (2009) Triassic-Jurassic organic carbon isotope stratigraphy of key sections in the western Tethys realm (Austria). Earth and Planetary Science Letters 281:169–187"
S 64,790,-27.6,0.27,3.00,NA,Post-event Beds,Post-event Beds,Kuhjoch,"Ruhl M, Veld H, Kürschner WM (2010) Sedimentary organic matter characterization of the Triassic-Jurassic boundary GSSP at Kuhjoch (Austria). Earth and Planetary Science Letters 292:17–26","Ruhl M, Kürschner WM, Krystyn L (2009) Triassic-Jurassic organic carbon isotope stratigraphy of key sections in the western Tethys realm (Austria). Earth and Planetary Science Letters 281:169–187"
S 65,805,-26.1,0.19,2.99,NA,Post-event Beds,Post-event Beds,Kuhjoch,"Ruhl M, Veld H, Kürschner WM (2010) Sedimentary organic matter characterization of the Triassic-Jurassic boundary GSSP at Kuhjoch (Austria). Earth and Planetary Science Letters 292:17–26","Ruhl M, Kürschner WM, Krystyn L (2009) Triassic-Jurassic organic carbon isotope stratigraphy of key sections in the western Tethys realm (Austria). Earth and Planetary Science Letters 281:169–187"
S 66,845,-25.8,0.17,2.56,NA,Post-event Beds,Post-event Beds,Kuhjoch,"Ruhl M, Veld H, Kürschner WM (2010) Sedimentary organic matter characterization of the Triassic-Jurassic boundary GSSP at Kuhjoch (Austria). Earth and Planetary Science Letters 292:17–26","Ruhl M, Kürschner WM, Krystyn L (2009) Triassic-Jurassic organic carbon isotope stratigraphy of key sections in the western Tethys realm (Austria). Earth and Planetary Science Letters 281:169–187"
S 67,885,-25.8,0.17,2.50,NA,Post-event Beds,Post-event Beds,Kuhjoch,"Ruhl M, Veld H, Kürschner WM (2010) Sedimentary organic matter characterization of the Triassic-Jurassic boundary GSSP at Kuhjoch (Austria). Earth and Planetary Science Letters 292:17–26","Ruhl M, Kürschner WM, Krystyn L (2009) Triassic-Jurassic organic carbon isotope stratigraphy of key sections in the western Tethys realm (Austria). Earth and Planetary Science Letters 281:169–187"
S 68,925,-25.9,0.17,3.43,NA,Post-event Beds,Post-event Beds,Kuhjoch,"Ruhl M, Veld H, Kürschner WM (2010) Sedimentary organic matter characterization of the Triassic-Jurassic boundary GSSP at Kuhjoch (Austria). Earth and Planetary Science Letters 292:17–26","Ruhl M, Kürschner WM, Krystyn L (2009) Triassic-Jurassic organic carbon isotope stratigraphy of key sections in the western Tethys realm (Austria). Earth and Planetary Science Letters 281:169–187"
S 69,965,-25.5,0.19,3.28,NA,Post-event Beds,Post-event Beds,Kuhjoch,"Ruhl M, Veld H, Kürschner WM (2010) Sedimentary organic matter characterization of the Triassic-Jurassic boundary GSSP at Kuhjoch (Austria). Earth and Planetary Science Letters 292:17–26","Ruhl M, Kürschner WM, Krystyn L (2009) Triassic-Jurassic organic carbon isotope stratigraphy of key sections in the western Tethys realm (Austria). Earth and Planetary Science Letters 281:169–187"
S 70,1005,-25.4,0.16,2.52,NA,Post-event Beds,Post-event Beds,Kuhjoch,"Ruhl M, Veld H, Kürschner WM (2010) Sedimentary organic matter characterization of the Triassic-Jurassic boundary GSSP at Kuhjoch (Austria). Earth and Planetary Science Letters 292:17–26","Ruhl M, Kürschner WM, Krystyn L (2009) Triassic-Jurassic organic carbon isotope stratigraphy of key sections in the western Tethys realm (Austria). Earth and Planetary Science Letters 281:169–187"
S 71,1045,-25.1,0.18,2.43,NA,Post-event Beds,Post-event Beds,Kuhjoch,"Ruhl M, Veld H, Kürschner WM (2010) Sedimentary organic matter characterization of the Triassic-Jurassic boundary GSSP at Kuhjoch (Austria). Earth and Planetary Science Letters 292:17–26","Ruhl M, Kürschner WM, Krystyn L (2009) Triassic-Jurassic organic carbon isotope stratigraphy of key sections in the western Tethys realm (Austria). Earth and Planetary Science Letters 281:169–187"
S 72,1085,-25,0.18,2.54,NA,Post-event Beds,Post-event Beds,Kuhjoch,"Ruhl M, Veld H, Kürschner WM (2010) Sedimentary organic matter characterization of the Triassic-Jurassic boundary GSSP at Kuhjoch (Austria). Earth and Planetary Science Letters 292:17–26","Ruhl M, Kürschner WM, Krystyn L (2009) Triassic-Jurassic organic carbon isotope stratigraphy of key sections in the western Tethys realm (Austria). Earth and Planetary Science Letters 281:169–187"
S 73,1125,-25,0.2,1.38,NA,Post-event Beds,Post-event Beds,Kuhjoch,"Ruhl M, Veld H, Kürschner WM (2010) Sedimentary organic matter characterization of the Triassic-Jurassic boundary GSSP at Kuhjoch (Austria). Earth and Planetary Science Letters 292:17–26","Ruhl M, Kürschner WM, Krystyn L (2009) Triassic-Jurassic organic carbon isotope stratigraphy of key sections in the western Tethys realm (Austria). Earth and Planetary Science Letters 281:169–187"
S 74,1165,-25.1,0.17,2.54,NA,Post-event Beds,Post-event Beds,Kuhjoch,"Ruhl M, Veld H, Kürschner WM (2010) Sedimentary organic matter characterization of the Triassic-Jurassic boundary GSSP at Kuhjoch (Austria). Earth and Planetary Science Letters 292:17–26","Ruhl M, Kürschner WM, Krystyn L (2009) Triassic-Jurassic organic carbon isotope stratigraphy of key sections in the western Tethys realm (Austria). Earth and Planetary Science Letters 281:169–187"
