Sample,Height,del13Ctoc,Strat,Section,Reference
SCH,299.0,-25.0,Psilonotenton Formation,Schandelah,"van de Schootbrugge B, Richoz S, Pross J, Luppold F, Hunze S, Wonik T, Blau J, Meister C, Weijst C van der, Suan G, Fraguas A, Fiebig J, Herrle J, Guex J, Little C, Wignall P, Püttmann W, Oschmann W (in press) The Schandelah Scientific Drilling Project: A 25-million year record of Early Jurassic palaeo-environmental change from northern Germany. Newsletters on Stratigraphy"
SCH,300.0,-25.9,Psilonotenton Formation,Schandelah,"van de Schootbrugge B, Richoz S, Pross J, Luppold F, Hunze S, Wonik T, Blau J, Meister C, Weijst C van der, Suan G, Fraguas A, Fiebig J, Herrle J, Guex J, Little C, Wignall P, Püttmann W, Oschmann W (in press) The Schandelah Scientific Drilling Project: A 25-million year record of Early Jurassic palaeo-environmental change from northern Germany. Newsletters on Stratigraphy"
SCH,300.5,-26.0,Psilonotenton Formation,Schandelah,"van de Schootbrugge B, Richoz S, Pross J, Luppold F, Hunze S, Wonik T, Blau J, Meister C, Weijst C van der, Suan G, Fraguas A, Fiebig J, Herrle J, Guex J, Little C, Wignall P, Püttmann W, Oschmann W (in press) The Schandelah Scientific Drilling Project: A 25-million year record of Early Jurassic palaeo-environmental change from northern Germany. Newsletters on Stratigraphy"
SCH,301.0,-26.0,Psilonotenton Formation,Schandelah,"van de Schootbrugge B, Richoz S, Pross J, Luppold F, Hunze S, Wonik T, Blau J, Meister C, Weijst C van der, Suan G, Fraguas A, Fiebig J, Herrle J, Guex J, Little C, Wignall P, Püttmann W, Oschmann W (in press) The Schandelah Scientific Drilling Project: A 25-million year record of Early Jurassic palaeo-environmental change from northern Germany. Newsletters on Stratigraphy"
SCH,301.5,-25.9,Psilonotenton Formation,Schandelah,"van de Schootbrugge B, Richoz S, Pross J, Luppold F, Hunze S, Wonik T, Blau J, Meister C, Weijst C van der, Suan G, Fraguas A, Fiebig J, Herrle J, Guex J, Little C, Wignall P, Püttmann W, Oschmann W (in press) The Schandelah Scientific Drilling Project: A 25-million year record of Early Jurassic palaeo-environmental change from northern Germany. Newsletters on Stratigraphy"
SCH,302.0,-25.8,Psilonotenton Formation,Schandelah,"van de Schootbrugge B, Richoz S, Pross J, Luppold F, Hunze S, Wonik T, Blau J, Meister C, Weijst C van der, Suan G, Fraguas A, Fiebig J, Herrle J, Guex J, Little C, Wignall P, Püttmann W, Oschmann W (in press) The Schandelah Scientific Drilling Project: A 25-million year record of Early Jurassic palaeo-environmental change from northern Germany. Newsletters on Stratigraphy"
SCH,302.0,-25.9,Psilonotenton Formation,Schandelah,"van de Schootbrugge B, Richoz S, Pross J, Luppold F, Hunze S, Wonik T, Blau J, Meister C, Weijst C van der, Suan G, Fraguas A, Fiebig J, Herrle J, Guex J, Little C, Wignall P, Püttmann W, Oschmann W (in press) The Schandelah Scientific Drilling Project: A 25-million year record of Early Jurassic palaeo-environmental change from northern Germany. Newsletters on Stratigraphy"
SCH,302.5,-25.9,Psilonotenton Formation,Schandelah,"van de Schootbrugge B, Richoz S, Pross J, Luppold F, Hunze S, Wonik T, Blau J, Meister C, Weijst C van der, Suan G, Fraguas A, Fiebig J, Herrle J, Guex J, Little C, Wignall P, Püttmann W, Oschmann W (in press) The Schandelah Scientific Drilling Project: A 25-million year record of Early Jurassic palaeo-environmental change from northern Germany. Newsletters on Stratigraphy"
SCH,303.0,-26.0,Psilonotenton Formation,Schandelah,"van de Schootbrugge B, Richoz S, Pross J, Luppold F, Hunze S, Wonik T, Blau J, Meister C, Weijst C van der, Suan G, Fraguas A, Fiebig J, Herrle J, Guex J, Little C, Wignall P, Püttmann W, Oschmann W (in press) The Schandelah Scientific Drilling Project: A 25-million year record of Early Jurassic palaeo-environmental change from northern Germany. Newsletters on Stratigraphy"
SCH,303.5,-26.0,Psilonotenton Formation,Schandelah,"van de Schootbrugge B, Richoz S, Pross J, Luppold F, Hunze S, Wonik T, Blau J, Meister C, Weijst C van der, Suan G, Fraguas A, Fiebig J, Herrle J, Guex J, Little C, Wignall P, Püttmann W, Oschmann W (in press) The Schandelah Scientific Drilling Project: A 25-million year record of Early Jurassic palaeo-environmental change from northern Germany. Newsletters on Stratigraphy"
SCH,304.0,-26.0,Psilonotenton Formation,Schandelah,"van de Schootbrugge B, Richoz S, Pross J, Luppold F, Hunze S, Wonik T, Blau J, Meister C, Weijst C van der, Suan G, Fraguas A, Fiebig J, Herrle J, Guex J, Little C, Wignall P, Püttmann W, Oschmann W (in press) The Schandelah Scientific Drilling Project: A 25-million year record of Early Jurassic palaeo-environmental change from northern Germany. Newsletters on Stratigraphy"
SCH,304.5,-25.8,Psilonotenton Formation,Schandelah,"van de Schootbrugge B, Richoz S, Pross J, Luppold F, Hunze S, Wonik T, Blau J, Meister C, Weijst C van der, Suan G, Fraguas A, Fiebig J, Herrle J, Guex J, Little C, Wignall P, Püttmann W, Oschmann W (in press) The Schandelah Scientific Drilling Project: A 25-million year record of Early Jurassic palaeo-environmental change from northern Germany. Newsletters on Stratigraphy"
SCH,305.0,-25.9,Psilonotenton Formation,Schandelah,"van de Schootbrugge B, Richoz S, Pross J, Luppold F, Hunze S, Wonik T, Blau J, Meister C, Weijst C van der, Suan G, Fraguas A, Fiebig J, Herrle J, Guex J, Little C, Wignall P, Püttmann W, Oschmann W (in press) The Schandelah Scientific Drilling Project: A 25-million year record of Early Jurassic palaeo-environmental change from northern Germany. Newsletters on Stratigraphy"
SCH,305.5,-25.9,Psilonotenton Formation,Schandelah,"van de Schootbrugge B, Richoz S, Pross J, Luppold F, Hunze S, Wonik T, Blau J, Meister C, Weijst C van der, Suan G, Fraguas A, Fiebig J, Herrle J, Guex J, Little C, Wignall P, Püttmann W, Oschmann W (in press) The Schandelah Scientific Drilling Project: A 25-million year record of Early Jurassic palaeo-environmental change from northern Germany. Newsletters on Stratigraphy"
SCH,306.0,-26.4,Psilonotenton Formation,Schandelah,"van de Schootbrugge B, Richoz S, Pross J, Luppold F, Hunze S, Wonik T, Blau J, Meister C, Weijst C van der, Suan G, Fraguas A, Fiebig J, Herrle J, Guex J, Little C, Wignall P, Püttmann W, Oschmann W (in press) The Schandelah Scientific Drilling Project: A 25-million year record of Early Jurassic palaeo-environmental change from northern Germany. Newsletters on Stratigraphy"
SCH,306.5,-26.1,Psilonotenton Formation,Schandelah,"van de Schootbrugge B, Richoz S, Pross J, Luppold F, Hunze S, Wonik T, Blau J, Meister C, Weijst C van der, Suan G, Fraguas A, Fiebig J, Herrle J, Guex J, Little C, Wignall P, Püttmann W, Oschmann W (in press) The Schandelah Scientific Drilling Project: A 25-million year record of Early Jurassic palaeo-environmental change from northern Germany. Newsletters on Stratigraphy"
SCH,307.0,-25.9,Psilonotenton Formation,Schandelah,"van de Schootbrugge B, Richoz S, Pross J, Luppold F, Hunze S, Wonik T, Blau J, Meister C, Weijst C van der, Suan G, Fraguas A, Fiebig J, Herrle J, Guex J, Little C, Wignall P, Püttmann W, Oschmann W (in press) The Schandelah Scientific Drilling Project: A 25-million year record of Early Jurassic palaeo-environmental change from northern Germany. Newsletters on Stratigraphy"
SCH,307.5,-26.0,Psilonotenton Formation,Schandelah,"van de Schootbrugge B, Richoz S, Pross J, Luppold F, Hunze S, Wonik T, Blau J, Meister C, Weijst C van der, Suan G, Fraguas A, Fiebig J, Herrle J, Guex J, Little C, Wignall P, Püttmann W, Oschmann W (in press) The Schandelah Scientific Drilling Project: A 25-million year record of Early Jurassic palaeo-environmental change from northern Germany. Newsletters on Stratigraphy"
SCH,308.0,-25.9,Psilonotenton Formation,Schandelah,"van de Schootbrugge B, Richoz S, Pross J, Luppold F, Hunze S, Wonik T, Blau J, Meister C, Weijst C van der, Suan G, Fraguas A, Fiebig J, Herrle J, Guex J, Little C, Wignall P, Püttmann W, Oschmann W (in press) The Schandelah Scientific Drilling Project: A 25-million year record of Early Jurassic palaeo-environmental change from northern Germany. Newsletters on Stratigraphy"
SCH,308.5,-26.1,Psilonotenton Formation,Schandelah,"van de Schootbrugge B, Richoz S, Pross J, Luppold F, Hunze S, Wonik T, Blau J, Meister C, Weijst C van der, Suan G, Fraguas A, Fiebig J, Herrle J, Guex J, Little C, Wignall P, Püttmann W, Oschmann W (in press) The Schandelah Scientific Drilling Project: A 25-million year record of Early Jurassic palaeo-environmental change from northern Germany. Newsletters on Stratigraphy"
SCH,309.0,-26.1,Psilonotenton Formation,Schandelah,"van de Schootbrugge B, Richoz S, Pross J, Luppold F, Hunze S, Wonik T, Blau J, Meister C, Weijst C van der, Suan G, Fraguas A, Fiebig J, Herrle J, Guex J, Little C, Wignall P, Püttmann W, Oschmann W (in press) The Schandelah Scientific Drilling Project: A 25-million year record of Early Jurassic palaeo-environmental change from northern Germany. Newsletters on Stratigraphy"
SCH,309.5,-25.9,Psilonotenton Formation,Schandelah,"van de Schootbrugge B, Richoz S, Pross J, Luppold F, Hunze S, Wonik T, Blau J, Meister C, Weijst C van der, Suan G, Fraguas A, Fiebig J, Herrle J, Guex J, Little C, Wignall P, Püttmann W, Oschmann W (in press) The Schandelah Scientific Drilling Project: A 25-million year record of Early Jurassic palaeo-environmental change from northern Germany. Newsletters on Stratigraphy"
SCH,310.0,-26.1,Psilonotenton Formation,Schandelah,"van de Schootbrugge B, Richoz S, Pross J, Luppold F, Hunze S, Wonik T, Blau J, Meister C, Weijst C van der, Suan G, Fraguas A, Fiebig J, Herrle J, Guex J, Little C, Wignall P, Püttmann W, Oschmann W (in press) The Schandelah Scientific Drilling Project: A 25-million year record of Early Jurassic palaeo-environmental change from northern Germany. Newsletters on Stratigraphy"
SCH,310.5,-25.9,Psilonotenton Formation,Schandelah,"van de Schootbrugge B, Richoz S, Pross J, Luppold F, Hunze S, Wonik T, Blau J, Meister C, Weijst C van der, Suan G, Fraguas A, Fiebig J, Herrle J, Guex J, Little C, Wignall P, Püttmann W, Oschmann W (in press) The Schandelah Scientific Drilling Project: A 25-million year record of Early Jurassic palaeo-environmental change from northern Germany. Newsletters on Stratigraphy"
SCH,311.0,-26.0,Psilonotenton Formation,Schandelah,"van de Schootbrugge B, Richoz S, Pross J, Luppold F, Hunze S, Wonik T, Blau J, Meister C, Weijst C van der, Suan G, Fraguas A, Fiebig J, Herrle J, Guex J, Little C, Wignall P, Püttmann W, Oschmann W (in press) The Schandelah Scientific Drilling Project: A 25-million year record of Early Jurassic palaeo-environmental change from northern Germany. Newsletters on Stratigraphy"
SCH,311.5,-26.0,Psilonotenton Formation,Schandelah,"van de Schootbrugge B, Richoz S, Pross J, Luppold F, Hunze S, Wonik T, Blau J, Meister C, Weijst C van der, Suan G, Fraguas A, Fiebig J, Herrle J, Guex J, Little C, Wignall P, Püttmann W, Oschmann W (in press) The Schandelah Scientific Drilling Project: A 25-million year record of Early Jurassic palaeo-environmental change from northern Germany. Newsletters on Stratigraphy"
SCH,312.5,-26.5,Psilonotenton Formation,Schandelah,"van de Schootbrugge B, Richoz S, Pross J, Luppold F, Hunze S, Wonik T, Blau J, Meister C, Weijst C van der, Suan G, Fraguas A, Fiebig J, Herrle J, Guex J, Little C, Wignall P, Püttmann W, Oschmann W (in press) The Schandelah Scientific Drilling Project: A 25-million year record of Early Jurassic palaeo-environmental change from northern Germany. Newsletters on Stratigraphy"
SCH,312.8,-26.4,Psilonotenton Formation,Schandelah,"van de Schootbrugge B, Richoz S, Pross J, Luppold F, Hunze S, Wonik T, Blau J, Meister C, Weijst C van der, Suan G, Fraguas A, Fiebig J, Herrle J, Guex J, Little C, Wignall P, Püttmann W, Oschmann W (in press) The Schandelah Scientific Drilling Project: A 25-million year record of Early Jurassic palaeo-environmental change from northern Germany. Newsletters on Stratigraphy"
SCH,313.0,-27.3,Psilonotenton Formation,Schandelah,"van de Schootbrugge B, Richoz S, Pross J, Luppold F, Hunze S, Wonik T, Blau J, Meister C, Weijst C van der, Suan G, Fraguas A, Fiebig J, Herrle J, Guex J, Little C, Wignall P, Püttmann W, Oschmann W (in press) The Schandelah Scientific Drilling Project: A 25-million year record of Early Jurassic palaeo-environmental change from northern Germany. Newsletters on Stratigraphy"
SCH,313.5,-26.6,Psilonotenton Formation,Schandelah,"van de Schootbrugge B, Richoz S, Pross J, Luppold F, Hunze S, Wonik T, Blau J, Meister C, Weijst C van der, Suan G, Fraguas A, Fiebig J, Herrle J, Guex J, Little C, Wignall P, Püttmann W, Oschmann W (in press) The Schandelah Scientific Drilling Project: A 25-million year record of Early Jurassic palaeo-environmental change from northern Germany. Newsletters on Stratigraphy"
SCH,314.0,-26.6,Psilonotenton Formation,Schandelah,"van de Schootbrugge B, Richoz S, Pross J, Luppold F, Hunze S, Wonik T, Blau J, Meister C, Weijst C van der, Suan G, Fraguas A, Fiebig J, Herrle J, Guex J, Little C, Wignall P, Püttmann W, Oschmann W (in press) The Schandelah Scientific Drilling Project: A 25-million year record of Early Jurassic palaeo-environmental change from northern Germany. Newsletters on Stratigraphy"
SCH,314.5,-26.2,Psilonotenton Formation,Schandelah,"van de Schootbrugge B, Richoz S, Pross J, Luppold F, Hunze S, Wonik T, Blau J, Meister C, Weijst C van der, Suan G, Fraguas A, Fiebig J, Herrle J, Guex J, Little C, Wignall P, Püttmann W, Oschmann W (in press) The Schandelah Scientific Drilling Project: A 25-million year record of Early Jurassic palaeo-environmental change from northern Germany. Newsletters on Stratigraphy"
SCH,315.0,-27.1,Psilonotenton Formation,Schandelah,"van de Schootbrugge B, Richoz S, Pross J, Luppold F, Hunze S, Wonik T, Blau J, Meister C, Weijst C van der, Suan G, Fraguas A, Fiebig J, Herrle J, Guex J, Little C, Wignall P, Püttmann W, Oschmann W (in press) The Schandelah Scientific Drilling Project: A 25-million year record of Early Jurassic palaeo-environmental change from northern Germany. Newsletters on Stratigraphy"
SCH,315.5,-27.5,Psilonotenton Formation,Schandelah,"van de Schootbrugge B, Richoz S, Pross J, Luppold F, Hunze S, Wonik T, Blau J, Meister C, Weijst C van der, Suan G, Fraguas A, Fiebig J, Herrle J, Guex J, Little C, Wignall P, Püttmann W, Oschmann W (in press) The Schandelah Scientific Drilling Project: A 25-million year record of Early Jurassic palaeo-environmental change from northern Germany. Newsletters on Stratigraphy"
SCH,316.0,-26.3,Psilonotenton Formation,Schandelah,"van de Schootbrugge B, Richoz S, Pross J, Luppold F, Hunze S, Wonik T, Blau J, Meister C, Weijst C van der, Suan G, Fraguas A, Fiebig J, Herrle J, Guex J, Little C, Wignall P, Püttmann W, Oschmann W (in press) The Schandelah Scientific Drilling Project: A 25-million year record of Early Jurassic palaeo-environmental change from northern Germany. Newsletters on Stratigraphy"
SCH,316.0,-26.0,Psilonotenton Formation,Schandelah,"van de Schootbrugge B, Richoz S, Pross J, Luppold F, Hunze S, Wonik T, Blau J, Meister C, Weijst C van der, Suan G, Fraguas A, Fiebig J, Herrle J, Guex J, Little C, Wignall P, Püttmann W, Oschmann W (in press) The Schandelah Scientific Drilling Project: A 25-million year record of Early Jurassic palaeo-environmental change from northern Germany. Newsletters on Stratigraphy"
SCH,317.0,-26.5,Psilonotenton Formation,Schandelah,"van de Schootbrugge B, Richoz S, Pross J, Luppold F, Hunze S, Wonik T, Blau J, Meister C, Weijst C van der, Suan G, Fraguas A, Fiebig J, Herrle J, Guex J, Little C, Wignall P, Püttmann W, Oschmann W (in press) The Schandelah Scientific Drilling Project: A 25-million year record of Early Jurassic palaeo-environmental change from northern Germany. Newsletters on Stratigraphy"
SCH,317.5,-25.3,Psilonotenton Formation,Schandelah,"van de Schootbrugge B, Richoz S, Pross J, Luppold F, Hunze S, Wonik T, Blau J, Meister C, Weijst C van der, Suan G, Fraguas A, Fiebig J, Herrle J, Guex J, Little C, Wignall P, Püttmann W, Oschmann W (in press) The Schandelah Scientific Drilling Project: A 25-million year record of Early Jurassic palaeo-environmental change from northern Germany. Newsletters on Stratigraphy"
SCH,318.0,-28.7,Psilonotenton Formation,Schandelah,"van de Schootbrugge B, Richoz S, Pross J, Luppold F, Hunze S, Wonik T, Blau J, Meister C, Weijst C van der, Suan G, Fraguas A, Fiebig J, Herrle J, Guex J, Little C, Wignall P, Püttmann W, Oschmann W (in press) The Schandelah Scientific Drilling Project: A 25-million year record of Early Jurassic palaeo-environmental change from northern Germany. Newsletters on Stratigraphy"
SCH,318.0,-29.3,Psilonotenton Formation,Schandelah,"van de Schootbrugge B, Richoz S, Pross J, Luppold F, Hunze S, Wonik T, Blau J, Meister C, Weijst C van der, Suan G, Fraguas A, Fiebig J, Herrle J, Guex J, Little C, Wignall P, Püttmann W, Oschmann W (in press) The Schandelah Scientific Drilling Project: A 25-million year record of Early Jurassic palaeo-environmental change from northern Germany. Newsletters on Stratigraphy"
SCH,318.5,-29.2,Psilonotenton Formation,Schandelah,"van de Schootbrugge B, Richoz S, Pross J, Luppold F, Hunze S, Wonik T, Blau J, Meister C, Weijst C van der, Suan G, Fraguas A, Fiebig J, Herrle J, Guex J, Little C, Wignall P, Püttmann W, Oschmann W (in press) The Schandelah Scientific Drilling Project: A 25-million year record of Early Jurassic palaeo-environmental change from northern Germany. Newsletters on Stratigraphy"
SCH,319.5,-24.4,Triletes Beds,Schandelah,"van de Schootbrugge B, Richoz S, Pross J, Luppold F, Hunze S, Wonik T, Blau J, Meister C, Weijst C van der, Suan G, Fraguas A, Fiebig J, Herrle J, Guex J, Little C, Wignall P, Püttmann W, Oschmann W (in press) The Schandelah Scientific Drilling Project: A 25-million year record of Early Jurassic palaeo-environmental change from northern Germany. Newsletters on Stratigraphy"
SCH,320.0,-24.2,Triletes Beds,Schandelah,"van de Schootbrugge B, Richoz S, Pross J, Luppold F, Hunze S, Wonik T, Blau J, Meister C, Weijst C van der, Suan G, Fraguas A, Fiebig J, Herrle J, Guex J, Little C, Wignall P, Püttmann W, Oschmann W (in press) The Schandelah Scientific Drilling Project: A 25-million year record of Early Jurassic palaeo-environmental change from northern Germany. Newsletters on Stratigraphy"
SCH,320.5,-24.4,Triletes Beds,Schandelah,"van de Schootbrugge B, Richoz S, Pross J, Luppold F, Hunze S, Wonik T, Blau J, Meister C, Weijst C van der, Suan G, Fraguas A, Fiebig J, Herrle J, Guex J, Little C, Wignall P, Püttmann W, Oschmann W (in press) The Schandelah Scientific Drilling Project: A 25-million year record of Early Jurassic palaeo-environmental change from northern Germany. Newsletters on Stratigraphy"
SCH,321.0,-24.5,Triletes Beds,Schandelah,"van de Schootbrugge B, Richoz S, Pross J, Luppold F, Hunze S, Wonik T, Blau J, Meister C, Weijst C van der, Suan G, Fraguas A, Fiebig J, Herrle J, Guex J, Little C, Wignall P, Püttmann W, Oschmann W (in press) The Schandelah Scientific Drilling Project: A 25-million year record of Early Jurassic palaeo-environmental change from northern Germany. Newsletters on Stratigraphy"
SCH,321.0,-24.5,Triletes Beds,Schandelah,"van de Schootbrugge B, Richoz S, Pross J, Luppold F, Hunze S, Wonik T, Blau J, Meister C, Weijst C van der, Suan G, Fraguas A, Fiebig J, Herrle J, Guex J, Little C, Wignall P, Püttmann W, Oschmann W (in press) The Schandelah Scientific Drilling Project: A 25-million year record of Early Jurassic palaeo-environmental change from northern Germany. Newsletters on Stratigraphy"
SCH,321.5,-24.3,Triletes Beds,Schandelah,"van de Schootbrugge B, Richoz S, Pross J, Luppold F, Hunze S, Wonik T, Blau J, Meister C, Weijst C van der, Suan G, Fraguas A, Fiebig J, Herrle J, Guex J, Little C, Wignall P, Püttmann W, Oschmann W (in press) The Schandelah Scientific Drilling Project: A 25-million year record of Early Jurassic palaeo-environmental change from northern Germany. Newsletters on Stratigraphy"
SCH,322.0,-24.3,Triletes Beds,Schandelah,"van de Schootbrugge B, Richoz S, Pross J, Luppold F, Hunze S, Wonik T, Blau J, Meister C, Weijst C van der, Suan G, Fraguas A, Fiebig J, Herrle J, Guex J, Little C, Wignall P, Püttmann W, Oschmann W (in press) The Schandelah Scientific Drilling Project: A 25-million year record of Early Jurassic palaeo-environmental change from northern Germany. Newsletters on Stratigraphy"
SCH,322.5,-24.4,Triletes Beds,Schandelah,"van de Schootbrugge B, Richoz S, Pross J, Luppold F, Hunze S, Wonik T, Blau J, Meister C, Weijst C van der, Suan G, Fraguas A, Fiebig J, Herrle J, Guex J, Little C, Wignall P, Püttmann W, Oschmann W (in press) The Schandelah Scientific Drilling Project: A 25-million year record of Early Jurassic palaeo-environmental change from northern Germany. Newsletters on Stratigraphy"
SCH,323.0,-24.2,Triletes Beds,Schandelah,"van de Schootbrugge B, Richoz S, Pross J, Luppold F, Hunze S, Wonik T, Blau J, Meister C, Weijst C van der, Suan G, Fraguas A, Fiebig J, Herrle J, Guex J, Little C, Wignall P, Püttmann W, Oschmann W (in press) The Schandelah Scientific Drilling Project: A 25-million year record of Early Jurassic palaeo-environmental change from northern Germany. Newsletters on Stratigraphy"
SCH,323.5,-24.1,Triletes Beds,Schandelah,"van de Schootbrugge B, Richoz S, Pross J, Luppold F, Hunze S, Wonik T, Blau J, Meister C, Weijst C van der, Suan G, Fraguas A, Fiebig J, Herrle J, Guex J, Little C, Wignall P, Püttmann W, Oschmann W (in press) The Schandelah Scientific Drilling Project: A 25-million year record of Early Jurassic palaeo-environmental change from northern Germany. Newsletters on Stratigraphy"
SCH,324.0,-24.2,Triletes Beds,Schandelah,"van de Schootbrugge B, Richoz S, Pross J, Luppold F, Hunze S, Wonik T, Blau J, Meister C, Weijst C van der, Suan G, Fraguas A, Fiebig J, Herrle J, Guex J, Little C, Wignall P, Püttmann W, Oschmann W (in press) The Schandelah Scientific Drilling Project: A 25-million year record of Early Jurassic palaeo-environmental change from northern Germany. Newsletters on Stratigraphy"
SCH,324.0,-24.3,Triletes Beds,Schandelah,"van de Schootbrugge B, Richoz S, Pross J, Luppold F, Hunze S, Wonik T, Blau J, Meister C, Weijst C van der, Suan G, Fraguas A, Fiebig J, Herrle J, Guex J, Little C, Wignall P, Püttmann W, Oschmann W (in press) The Schandelah Scientific Drilling Project: A 25-million year record of Early Jurassic palaeo-environmental change from northern Germany. Newsletters on Stratigraphy"
SCH,324.5,-24.3,Triletes Beds,Schandelah,"van de Schootbrugge B, Richoz S, Pross J, Luppold F, Hunze S, Wonik T, Blau J, Meister C, Weijst C van der, Suan G, Fraguas A, Fiebig J, Herrle J, Guex J, Little C, Wignall P, Püttmann W, Oschmann W (in press) The Schandelah Scientific Drilling Project: A 25-million year record of Early Jurassic palaeo-environmental change from northern Germany. Newsletters on Stratigraphy"
SCH,325.0,-24.3,Triletes Beds,Schandelah,"van de Schootbrugge B, Richoz S, Pross J, Luppold F, Hunze S, Wonik T, Blau J, Meister C, Weijst C van der, Suan G, Fraguas A, Fiebig J, Herrle J, Guex J, Little C, Wignall P, Püttmann W, Oschmann W (in press) The Schandelah Scientific Drilling Project: A 25-million year record of Early Jurassic palaeo-environmental change from northern Germany. Newsletters on Stratigraphy"
SCH,325.5,-24.3,Triletes Beds,Schandelah,"van de Schootbrugge B, Richoz S, Pross J, Luppold F, Hunze S, Wonik T, Blau J, Meister C, Weijst C van der, Suan G, Fraguas A, Fiebig J, Herrle J, Guex J, Little C, Wignall P, Püttmann W, Oschmann W (in press) The Schandelah Scientific Drilling Project: A 25-million year record of Early Jurassic palaeo-environmental change from northern Germany. Newsletters on Stratigraphy"
SCH,325.5,-24.2,Triletes Beds,Schandelah,"van de Schootbrugge B, Richoz S, Pross J, Luppold F, Hunze S, Wonik T, Blau J, Meister C, Weijst C van der, Suan G, Fraguas A, Fiebig J, Herrle J, Guex J, Little C, Wignall P, Püttmann W, Oschmann W (in press) The Schandelah Scientific Drilling Project: A 25-million year record of Early Jurassic palaeo-environmental change from northern Germany. Newsletters on Stratigraphy"
SCH,326.0,-24.2,Triletes Beds,Schandelah,"van de Schootbrugge B, Richoz S, Pross J, Luppold F, Hunze S, Wonik T, Blau J, Meister C, Weijst C van der, Suan G, Fraguas A, Fiebig J, Herrle J, Guex J, Little C, Wignall P, Püttmann W, Oschmann W (in press) The Schandelah Scientific Drilling Project: A 25-million year record of Early Jurassic palaeo-environmental change from northern Germany. Newsletters on Stratigraphy"
SCH,326.5,-24.2,Triletes Beds,Schandelah,"van de Schootbrugge B, Richoz S, Pross J, Luppold F, Hunze S, Wonik T, Blau J, Meister C, Weijst C van der, Suan G, Fraguas A, Fiebig J, Herrle J, Guex J, Little C, Wignall P, Püttmann W, Oschmann W (in press) The Schandelah Scientific Drilling Project: A 25-million year record of Early Jurassic palaeo-environmental change from northern Germany. Newsletters on Stratigraphy"
SCH,327.0,-24.3,Triletes Beds,Schandelah,"van de Schootbrugge B, Richoz S, Pross J, Luppold F, Hunze S, Wonik T, Blau J, Meister C, Weijst C van der, Suan G, Fraguas A, Fiebig J, Herrle J, Guex J, Little C, Wignall P, Püttmann W, Oschmann W (in press) The Schandelah Scientific Drilling Project: A 25-million year record of Early Jurassic palaeo-environmental change from northern Germany. Newsletters on Stratigraphy"
SCH,327.5,-24.1,Triletes Beds,Schandelah,"van de Schootbrugge B, Richoz S, Pross J, Luppold F, Hunze S, Wonik T, Blau J, Meister C, Weijst C van der, Suan G, Fraguas A, Fiebig J, Herrle J, Guex J, Little C, Wignall P, Püttmann W, Oschmann W (in press) The Schandelah Scientific Drilling Project: A 25-million year record of Early Jurassic palaeo-environmental change from northern Germany. Newsletters on Stratigraphy"
SCH,327.5,-24.2,Triletes Beds,Schandelah,"van de Schootbrugge B, Richoz S, Pross J, Luppold F, Hunze S, Wonik T, Blau J, Meister C, Weijst C van der, Suan G, Fraguas A, Fiebig J, Herrle J, Guex J, Little C, Wignall P, Püttmann W, Oschmann W (in press) The Schandelah Scientific Drilling Project: A 25-million year record of Early Jurassic palaeo-environmental change from northern Germany. Newsletters on Stratigraphy"
SCH,328.0,-23.9,Triletes Beds,Schandelah,"van de Schootbrugge B, Richoz S, Pross J, Luppold F, Hunze S, Wonik T, Blau J, Meister C, Weijst C van der, Suan G, Fraguas A, Fiebig J, Herrle J, Guex J, Little C, Wignall P, Püttmann W, Oschmann W (in press) The Schandelah Scientific Drilling Project: A 25-million year record of Early Jurassic palaeo-environmental change from northern Germany. Newsletters on Stratigraphy"
SCH,328.0,-24.0,Triletes Beds,Schandelah,"van de Schootbrugge B, Richoz S, Pross J, Luppold F, Hunze S, Wonik T, Blau J, Meister C, Weijst C van der, Suan G, Fraguas A, Fiebig J, Herrle J, Guex J, Little C, Wignall P, Püttmann W, Oschmann W (in press) The Schandelah Scientific Drilling Project: A 25-million year record of Early Jurassic palaeo-environmental change from northern Germany. Newsletters on Stratigraphy"
SCH,328.5,-24.1,Triletes Beds,Schandelah,"van de Schootbrugge B, Richoz S, Pross J, Luppold F, Hunze S, Wonik T, Blau J, Meister C, Weijst C van der, Suan G, Fraguas A, Fiebig J, Herrle J, Guex J, Little C, Wignall P, Püttmann W, Oschmann W (in press) The Schandelah Scientific Drilling Project: A 25-million year record of Early Jurassic palaeo-environmental change from northern Germany. Newsletters on Stratigraphy"
SCH,329.0,-24.1,Triletes Beds,Schandelah,"van de Schootbrugge B, Richoz S, Pross J, Luppold F, Hunze S, Wonik T, Blau J, Meister C, Weijst C van der, Suan G, Fraguas A, Fiebig J, Herrle J, Guex J, Little C, Wignall P, Püttmann W, Oschmann W (in press) The Schandelah Scientific Drilling Project: A 25-million year record of Early Jurassic palaeo-environmental change from northern Germany. Newsletters on Stratigraphy"
SCH,329.0,-24.4,Triletes Beds,Schandelah,"van de Schootbrugge B, Richoz S, Pross J, Luppold F, Hunze S, Wonik T, Blau J, Meister C, Weijst C van der, Suan G, Fraguas A, Fiebig J, Herrle J, Guex J, Little C, Wignall P, Püttmann W, Oschmann W (in press) The Schandelah Scientific Drilling Project: A 25-million year record of Early Jurassic palaeo-environmental change from northern Germany. Newsletters on Stratigraphy"
SCH,329.5,-24.1,Triletes Beds,Schandelah,"van de Schootbrugge B, Richoz S, Pross J, Luppold F, Hunze S, Wonik T, Blau J, Meister C, Weijst C van der, Suan G, Fraguas A, Fiebig J, Herrle J, Guex J, Little C, Wignall P, Püttmann W, Oschmann W (in press) The Schandelah Scientific Drilling Project: A 25-million year record of Early Jurassic palaeo-environmental change from northern Germany. Newsletters on Stratigraphy"
SCH,330.0,-24.2,Triletes Beds,Schandelah,"van de Schootbrugge B, Richoz S, Pross J, Luppold F, Hunze S, Wonik T, Blau J, Meister C, Weijst C van der, Suan G, Fraguas A, Fiebig J, Herrle J, Guex J, Little C, Wignall P, Püttmann W, Oschmann W (in press) The Schandelah Scientific Drilling Project: A 25-million year record of Early Jurassic palaeo-environmental change from northern Germany. Newsletters on Stratigraphy"
SCH,330.5,-24.3,Triletes Beds,Schandelah,"van de Schootbrugge B, Richoz S, Pross J, Luppold F, Hunze S, Wonik T, Blau J, Meister C, Weijst C van der, Suan G, Fraguas A, Fiebig J, Herrle J, Guex J, Little C, Wignall P, Püttmann W, Oschmann W (in press) The Schandelah Scientific Drilling Project: A 25-million year record of Early Jurassic palaeo-environmental change from northern Germany. Newsletters on Stratigraphy"
SCH,331.0,-24.2,Triletes Beds,Schandelah,"van de Schootbrugge B, Richoz S, Pross J, Luppold F, Hunze S, Wonik T, Blau J, Meister C, Weijst C van der, Suan G, Fraguas A, Fiebig J, Herrle J, Guex J, Little C, Wignall P, Püttmann W, Oschmann W (in press) The Schandelah Scientific Drilling Project: A 25-million year record of Early Jurassic palaeo-environmental change from northern Germany. Newsletters on Stratigraphy"
SCH,331.5,-24.6,Triletes Beds,Schandelah,"van de Schootbrugge B, Richoz S, Pross J, Luppold F, Hunze S, Wonik T, Blau J, Meister C, Weijst C van der, Suan G, Fraguas A, Fiebig J, Herrle J, Guex J, Little C, Wignall P, Püttmann W, Oschmann W (in press) The Schandelah Scientific Drilling Project: A 25-million year record of Early Jurassic palaeo-environmental change from northern Germany. Newsletters on Stratigraphy"
SCH,332.0,-24.3,Triletes Beds,Schandelah,"van de Schootbrugge B, Richoz S, Pross J, Luppold F, Hunze S, Wonik T, Blau J, Meister C, Weijst C van der, Suan G, Fraguas A, Fiebig J, Herrle J, Guex J, Little C, Wignall P, Püttmann W, Oschmann W (in press) The Schandelah Scientific Drilling Project: A 25-million year record of Early Jurassic palaeo-environmental change from northern Germany. Newsletters on Stratigraphy"
SCH,332.5,-24.3,Triletes Beds,Schandelah,"van de Schootbrugge B, Richoz S, Pross J, Luppold F, Hunze S, Wonik T, Blau J, Meister C, Weijst C van der, Suan G, Fraguas A, Fiebig J, Herrle J, Guex J, Little C, Wignall P, Püttmann W, Oschmann W (in press) The Schandelah Scientific Drilling Project: A 25-million year record of Early Jurassic palaeo-environmental change from northern Germany. Newsletters on Stratigraphy"
SCH,333.0,-24.7,Triletes Beds,Schandelah,"van de Schootbrugge B, Richoz S, Pross J, Luppold F, Hunze S, Wonik T, Blau J, Meister C, Weijst C van der, Suan G, Fraguas A, Fiebig J, Herrle J, Guex J, Little C, Wignall P, Püttmann W, Oschmann W (in press) The Schandelah Scientific Drilling Project: A 25-million year record of Early Jurassic palaeo-environmental change from northern Germany. Newsletters on Stratigraphy"
SCH,333.5,-25.0,Contorta Beds,Schandelah,"van de Schootbrugge B, Richoz S, Pross J, Luppold F, Hunze S, Wonik T, Blau J, Meister C, Weijst C van der, Suan G, Fraguas A, Fiebig J, Herrle J, Guex J, Little C, Wignall P, Püttmann W, Oschmann W (in press) The Schandelah Scientific Drilling Project: A 25-million year record of Early Jurassic palaeo-environmental change from northern Germany. Newsletters on Stratigraphy"
SCH,333.5,-25.1,Contorta Beds,Schandelah,"van de Schootbrugge B, Richoz S, Pross J, Luppold F, Hunze S, Wonik T, Blau J, Meister C, Weijst C van der, Suan G, Fraguas A, Fiebig J, Herrle J, Guex J, Little C, Wignall P, Püttmann W, Oschmann W (in press) The Schandelah Scientific Drilling Project: A 25-million year record of Early Jurassic palaeo-environmental change from northern Germany. Newsletters on Stratigraphy"
SCH,334.0,-25.3,Contorta Beds,Schandelah,"van de Schootbrugge B, Richoz S, Pross J, Luppold F, Hunze S, Wonik T, Blau J, Meister C, Weijst C van der, Suan G, Fraguas A, Fiebig J, Herrle J, Guex J, Little C, Wignall P, Püttmann W, Oschmann W (in press) The Schandelah Scientific Drilling Project: A 25-million year record of Early Jurassic palaeo-environmental change from northern Germany. Newsletters on Stratigraphy"
SCH,334.5,-25.0,Contorta Beds,Schandelah,"van de Schootbrugge B, Richoz S, Pross J, Luppold F, Hunze S, Wonik T, Blau J, Meister C, Weijst C van der, Suan G, Fraguas A, Fiebig J, Herrle J, Guex J, Little C, Wignall P, Püttmann W, Oschmann W (in press) The Schandelah Scientific Drilling Project: A 25-million year record of Early Jurassic palaeo-environmental change from northern Germany. Newsletters on Stratigraphy"
SCH,335.0,-24.4,Contorta Beds,Schandelah,"van de Schootbrugge B, Richoz S, Pross J, Luppold F, Hunze S, Wonik T, Blau J, Meister C, Weijst C van der, Suan G, Fraguas A, Fiebig J, Herrle J, Guex J, Little C, Wignall P, Püttmann W, Oschmann W (in press) The Schandelah Scientific Drilling Project: A 25-million year record of Early Jurassic palaeo-environmental change from northern Germany. Newsletters on Stratigraphy"
SCH,335.5,-24.2,Contorta Beds,Schandelah,"van de Schootbrugge B, Richoz S, Pross J, Luppold F, Hunze S, Wonik T, Blau J, Meister C, Weijst C van der, Suan G, Fraguas A, Fiebig J, Herrle J, Guex J, Little C, Wignall P, Püttmann W, Oschmann W (in press) The Schandelah Scientific Drilling Project: A 25-million year record of Early Jurassic palaeo-environmental change from northern Germany. Newsletters on Stratigraphy"
SCH,336.0,-24.2,Armstadt Fm.,Schandelah,"van de Schootbrugge B, Richoz S, Pross J, Luppold F, Hunze S, Wonik T, Blau J, Meister C, Weijst C van der, Suan G, Fraguas A, Fiebig J, Herrle J, Guex J, Little C, Wignall P, Püttmann W, Oschmann W (in press) The Schandelah Scientific Drilling Project: A 25-million year record of Early Jurassic palaeo-environmental change from northern Germany. Newsletters on Stratigraphy"
SCH,336.5,-24.4,Armstadt Fm.,Schandelah,"van de Schootbrugge B, Richoz S, Pross J, Luppold F, Hunze S, Wonik T, Blau J, Meister C, Weijst C van der, Suan G, Fraguas A, Fiebig J, Herrle J, Guex J, Little C, Wignall P, Püttmann W, Oschmann W (in press) The Schandelah Scientific Drilling Project: A 25-million year record of Early Jurassic palaeo-environmental change from northern Germany. Newsletters on Stratigraphy"
SCH,337.0,-24.2,Armstadt Fm.,Schandelah,"van de Schootbrugge B, Richoz S, Pross J, Luppold F, Hunze S, Wonik T, Blau J, Meister C, Weijst C van der, Suan G, Fraguas A, Fiebig J, Herrle J, Guex J, Little C, Wignall P, Püttmann W, Oschmann W (in press) The Schandelah Scientific Drilling Project: A 25-million year record of Early Jurassic palaeo-environmental change from northern Germany. Newsletters on Stratigraphy"
SCH,337.5,-24.6,Armstadt Fm.,Schandelah,"van de Schootbrugge B, Richoz S, Pross J, Luppold F, Hunze S, Wonik T, Blau J, Meister C, Weijst C van der, Suan G, Fraguas A, Fiebig J, Herrle J, Guex J, Little C, Wignall P, Püttmann W, Oschmann W (in press) The Schandelah Scientific Drilling Project: A 25-million year record of Early Jurassic palaeo-environmental change from northern Germany. Newsletters on Stratigraphy"
SCH,338.0,-24.2,Armstadt Fm.,Schandelah,"van de Schootbrugge B, Richoz S, Pross J, Luppold F, Hunze S, Wonik T, Blau J, Meister C, Weijst C van der, Suan G, Fraguas A, Fiebig J, Herrle J, Guex J, Little C, Wignall P, Püttmann W, Oschmann W (in press) The Schandelah Scientific Drilling Project: A 25-million year record of Early Jurassic palaeo-environmental change from northern Germany. Newsletters on Stratigraphy"
